product_id,name,url,collection,category,color,price,original_price,discount_pct,sizes,description,composition,availability_text,image_urls,source,collected_at,price_source,price_confidence,price_http_status,price_error
3006,Biquíni Bercy Pérola,https://www.intibrand.com/produto/biquini-bercy-perola-3006,VERÃO 2027,Biquínis,Pérola,110.0,394.5,72.12,P|M|G,"Biquíni formato triângulo, textura de nervura, com parte superior fixa e duas alças de sustentação finas e também fixas. Calcinha estilo asa-delta e com detalhe de nervura. Confeccionada em tecido de microfibra e acabamento todo embutido. Confeccionado em Microfibra (malha de poliamida). Composição: 85% Poliamida, 15% Elastano.","85% Poliamida, 15% Elastano.",unavailable,https://cdn.vnda.com.br/intibrand/2023/06/21/14_6_0_002_BIQUC38DNI20BERCY20PC389ROLA20FRENTE.jpg?v=1713551785,public_catalog,2026-08-24T17:28:30.310313-03:00,jsonld:price,HIGH,200,
3005,Biquíni Bercy Preto,https://www.intibrand.com/produto/biquini-bercy-preto-3005,VERÃO 2027,Biquínis,Preto,110.0,394.5,72.12,P|M|G,"Biquíni formato triângulo, textura de nervura, com parte superior fixa e duas alças de sustentação finas e também fixas. Calcinha estilo asa-delta e com detalhe de nervura. Confeccionada em tecido de microfibra e acabamento todo embutido. Confeccionado em Microfibra (malha de poliamida). Composição: 85% Poliamida, 15% Elastano.","85% Poliamida, 15% Elastano.",unavailable,https://cdn.vnda.com.br/intibrand/2022/11/29/19_11_4_414_BIQUC38DNI20BERCY20PRETO20FRENTE.jpg?v=1669761707,public_catalog,2026-08-24T17:28:30.310313-03:00,jsonld:price,HIGH,200,
3011,Biquíni Malawi Pérola,https://www.intibrand.com/produto/biquini-malawi-perola-3011,VERÃO 2027,Biquínis,Pérola,110.0,384.5,71.39,P|M|G,"Biquini com formato reto, textura de nervura e com alças de sustentação fixas. Parte posterior com fechamento por fecho metal. Calcinha com pala com detalhe de nervura na parte frontal e costura toda embutida. Confeccionado em Microfibra (malha de poliamida). Composição: 85% Poliamida, 15% Elastano.","85% Poliamida, 15% Elastano.",unavailable,https://cdn.vnda.com.br/intibrand/2023/07/17/16_12_26_831_16_7_6_669_biquicc81ni20malawi20pecc81rola20frente.jpg?v=1689621184,public_catalog,2026-08-24T17:28:30.310313-03:00,jsonld:price,HIGH,200,
4867,Biquíni Alann Pérola,https://www.intibrand.com/produto/biquini-alann-perola-4867,VERÃO 2027,Biquínis,Pérola,220.0,699.0,68.53,PP|P|M|G,"O Biquíni Alann combina delicadeza e modernidade, transformando qualquer produção de praia. O top triangular apresenta alça em metal exclusiva que valoriza o busto. A calcinha, com tiras finas, alonga a silhueta e cria um visual clean e elegante. Composição: 84% Poliamida / 16% Elastano Modelo veste PP.",84% Poliamida / 16% Elastano,unavailable,https://cdn.vnda.com.br/intibrand/2026/04/01/17_52_43_626_gaby-20v-c3-8ddeos-20-20-story-20-202026-04-01t175204-361-17043590.jpg?v=1775076769,public_catalog,2026-08-24T17:28:30.310313-03:00,jsonld:price,HIGH,200,
4868,Biquíni Alann Preto,https://www.intibrand.com/produto/biquini-alann-preto-4868,VERÃO 2027,Biquínis,Preto,220.0,699.0,68.53,PP|P|M|G,"O Biquíni Alann combina delicadeza e modernidade, transformando qualquer produção de praia. O top triangular apresenta alça em metal exclusiva que valoriza o busto. A calcinha, com tiras finas, alonga a silhueta e cria um visual clean e elegante. Composição: 84% Poliamida / 16% Elastano Modelo veste PP.",84% Poliamida / 16% Elastano,partial_or_variant_unavailable,https://cdn.vnda.com.br/intibrand/2026/04/01/17_53_51_963_gaby-20v-c3-8ddeos-20-20-story-20-202026-04-01t175334-222-17045380.jpg?v=1775076831,public_catalog,2026-08-24T17:28:30.310313-03:00,jsonld:price,HIGH,200,
4870,Biquíni Alann Marrom,https://www.intibrand.com/produto/biquini-alann-marrom-4870,VERÃO 2027,Biquínis,Marrom,220.0,699.0,68.53,PP|P|M|G,"O Biquíni Alann combina delicadeza e modernidade, transformando qualquer produção de praia. O top triangular apresenta alça em metal exclusiva que valoriza o busto. A calcinha, com tiras finas, alonga a silhueta e cria um visual clean e elegante. Composição: 87% Poliéster / 13% Elastano Modelo veste PP.",87% Poliéster / 13% Elastano,partial_or_variant_unavailable,https://cdn.vnda.com.br/intibrand/2026/04/01/17_51_30_138_gaby-20v-c3-8ddeos-20-20-story-20-202026-04-01t175034-449-17049000.jpg?v=1775076690,public_catalog,2026-08-24T17:28:30.310313-03:00,jsonld:price,HIGH,200,
4629,Biquíni Eaton Preto,https://www.intibrand.com/produto/biquini-eaton-preto-4629,VERÃO 2027,Biquínis,Preto,116.0,364.5,68.18,P|M|G,"A delicadeza dos detalhes torna o Biquíni Eaton um modelo único. Seu top triangular possui alças ultra finas em aviamento metálico, criando uma estética inovadora e minimalista. A calcinha de amarração lateral permite ajuste personalizado e traz um ótimo caimento para composições elegantes e atemporais. Composição: 84% Poliamida / 16% Elastano Modelo veste PP.",84% Poliamida / 16% Elastano,partial_or_variant_unavailable,https://cdn.vnda.com.br/intibrand/2025/09/24/10_59_22_177_biqu-c3-8dni-20eaton-20preto-20frente-10099000.jpg?v=1758722362,public_catalog,2026-08-24T17:28:30.310313-03:00,jsonld:price,HIGH,200,
4628,Biquíni Eaton Pérola,https://www.intibrand.com/produto/biquini-eaton-perola-4628,VERÃO 2027,Biquínis,Pérola,116.0,364.5,68.18,P|M|G,"A delicadeza dos detalhes torna o Biquíni Eaton um modelo único. Seu top triangular possui alças ultra finas em aviamento metálico, criando uma estética inovadora e minimalista. A calcinha de amarração lateral permite ajuste personalizado e traz um ótimo caimento para composições elegantes e atemporais. Composição: 84% Poliamida / 16% Elastano Modelo veste PP.",84% Poliamida / 16% Elastano,unavailable,https://cdn.vnda.com.br/intibrand/2025/09/24/10_57_13_657_biqu-c3-8dni-20eaton-20p-c3-89rola-20frente-10097570.jpg?v=1758722233,public_catalog,2026-08-24T17:28:30.310313-03:00,jsonld:price,HIGH,200,
4630,Biquíni Eaton Cobre,https://www.intibrand.com/produto/biquini-eaton-cobre-4630,VERÃO 2027,Biquínis,Cobre,116.0,364.5,68.18,P|M|G,"A delicadeza dos detalhes torna o Biquíni Eaton um modelo único. Seu top triangular possui alças ultra finas em aviamento metálico, criando uma estética inovadora e minimalista. A calcinha de amarração lateral permite ajuste personalizado e traz um ótimo caimento para composições elegantes e atemporais. Composição: 87% Poliéster / 13% Elastano Modelo veste PP.",87% Poliéster / 13% Elastano,partial_or_variant_unavailable,https://cdn.vnda.com.br/intibrand/2025/09/24/10_58_12_120_biqu-c3-8dni-20eaton-20cobre-20frente-20-1-10092880.jpg?v=1758722296,public_catalog,2026-08-24T17:28:30.310313-03:00,jsonld:price,HIGH,200,
4393,Biquíni Atticus Pérola,https://www.intibrand.com/produto/biquini-atticus-perola-4393,VERÃO 2027,Biquínis,Pérola,110.0,334.5,67.12,P|M|G,"O Biquíni Atticus combina elegância e conforto em uma peça sofisticada para o verão. O top tem aro fixo e as alças largas garantem sustentação e conforto, ideal para diversos tipos de corpos. Para a calcinha escolhemos nosso clássico asa delta. Feito em microfibra. Composição: 84% Poliamida / 16% Elastano Modelo veste PP.",84% Poliamida / 16% Elastano,unavailable,https://cdn.vnda.com.br/intibrand/2025/01/28/17_09_32_198_17_1_6_610_biquc38dni20atticus20pc389rola2020frente202201.jpg?v=1738094972,public_catalog,2026-08-24T17:28:30.310313-03:00,jsonld:price,HIGH,200,
4395,Biquíni Atticus Terracota,https://www.intibrand.com/produto/biquini-atticus-terracota-4395,VERÃO 2027,Biquínis,Terracota,110.0,334.5,67.12,P|M|G,"O Biquíni Atticus combina elegância e conforto em uma peça sofisticada para o verão. O top tem aro fixo e as alças largas garantem sustentação e conforto, ideal para diversos tipos de corpos. Para a calcinha escolhemos nosso clássico asa delta. Feito em trilobal. Composição: 85% Poliamida / 15% Elastano Modelo veste PP.",85% Poliamida / 15% Elastano,unavailable,https://cdn.vnda.com.br/intibrand/2025/01/28/17_09_58_512_17_1_9_929_biquc38dni20atticus20terracota20frente201.jpg?v=1745944669,public_catalog,2026-08-24T17:28:30.310313-03:00,jsonld:price,HIGH,200,
5006,Biquíni Castillo Terracota,https://www.intibrand.com/produto/biquini-castillo-terracota-5006,VERÃO 2027,Biquínis,Terracota,232.0,679.0,65.83,PP|P|M|G,"Biquíni Castillo une elegância e personalidade em uma proposta sofisticada. O top assimétrico ganha destaque pelo aviamento metálico exclusivo com o DNA da INTI, que confere um toque contemporâneo e sofisticado ao design. Possui bojo removível. A calcinha de modelagem asa delta clássica complementa o conjunto com caimento impecável, valorizando a silhueta e garantindo um visual atemporal e elegante. Confeccionado em malha de microfibra levemente acetinada. Modelo veste PP.",,partial_or_variant_unavailable,https://cdn.vnda.com.br/intibrand/2026/08/19/17_10_54_845_biqu-c3-8dni-20castillo-20terracota-20frente-20-1-17088710.jpg?v=1787170276,public_catalog,2026-08-24T17:28:30.310313-03:00,jsonld:price,HIGH,200,
5005,Biquíni Castillo Preto,https://www.intibrand.com/produto/biquini-castillo-preto-5005,VERÃO 2027,Biquínis,Preto,232.0,679.0,65.83,PP|P|M|G,"Biquíni Castillo une elegância e personalidade em uma proposta sofisticada. O top assimétrico ganha destaque pelo aviamento metálico exclusivo com o DNA da INTI, que confere um toque contemporâneo e sofisticado ao design. Possui bojo removível. A calcinha de modelagem asa delta clássica complementa o conjunto com caimento impecável, valorizando a silhueta e garantindo um visual atemporal e elegante. Confeccionado em malha fluity. Modelo veste PP.",,partial_or_variant_unavailable,https://cdn.vnda.com.br/intibrand/2026/08/19/17_11_48_493_biqu-c3-8dni-20castillo-20preto-20frente-20-1-17083250.jpg?v=1787170318,public_catalog,2026-08-24T17:28:30.310313-03:00,jsonld:price,HIGH,200,
5003,Biquíni Castillo Off-White,https://www.intibrand.com/produto/biquini-castillo-off-white-5003,VERÃO 2027,Biquínis,Off White,232.0,679.0,65.83,PP|P|M|G,"Biquíni Castillo une elegância e personalidade em uma proposta sofisticada. O top assimétrico ganha destaque pelo aviamento metálico exclusivo com o DNA da INTI, que confere um toque contemporâneo e sofisticado ao design. Possui bojo removível. A calcinha de modelagem asa delta clássica complementa o conjunto com caimento impecável, valorizando a silhueta e garantindo um visual atemporal e elegante. Confeccionado em malha fluity. Modelo veste PP.",,unavailable,https://cdn.vnda.com.br/intibrand/2026/08/19/16_05_44_414_biqu-c3-8dni-20castillo-20off-white-20frente-202-16086210.jpg?v=1787166355,public_catalog,2026-08-24T17:28:30.310313-03:00,jsonld:price,HIGH,200,
4429,Biquíni Riva Pérola,https://www.intibrand.com/produto/biquini-riva-perola-4429,VERÃO 2027,Biquínis,Pérola,120.0,344.5,65.17,P|M|G,"O biquíni destaca-se pelo design moderno e elegante. O top assimétrico possui alça dupla que se cruza sobre o ombro, e um detalhe vazado na frente, trazendo um toque sofisticado. Ambos, o top e a calcinha, hot pants, contam com aviamentos metalizados, conferindo um acabamento luxuoso à peça. Composição: 84% Poliamida / 16% Elastano Modelo veste PP.",84% Poliamida / 16% Elastano,unavailable,https://cdn.vnda.com.br/intibrand/2025/01/31/13_58_59_228_13_1_3_384_biquc38dni20riva20pc389rola20frente202201.jpg?v=1746026635,public_catalog,2026-08-24T17:28:30.310313-03:00,jsonld:price,HIGH,200,
4430,Biquíni Riva Preto,https://www.intibrand.com/produto/biquini-riva-preto-4430,VERÃO 2027,Biquínis,Preto,120.0,344.5,65.17,P|M|G,"O biquíni destaca-se pelo design moderno e elegante. O top assimétrico possui alça dupla que se cruza sobre o ombro, e um detalhe vazado na frente, trazendo um toque sofisticado. Ambos, o top e a calcinha, hot pants, contam com aviamentos metalizados, conferindo um acabamento luxuoso à peça. Composição: 84% Poliamida / 16% Elastano Modelo veste PP.",84% Poliamida / 16% Elastano,unavailable,https://cdn.vnda.com.br/intibrand/2025/01/31/13_58_03_688_13_1_7_723_biquc38dni20riva20preto20frente201.jpg?v=1738342688,public_catalog,2026-08-24T17:28:30.310313-03:00,jsonld:price,HIGH,200,
4431,Biquíni Riva Azul Índigo,https://www.intibrand.com/produto/biquini-riva-azul-indigo-4431,VERÃO 2027,Biquínis,Azul Índigo,120.0,344.5,65.17,P|M|G,"O biquíni destaca-se pelo design moderno e elegante. O top assimétrico possui alça dupla que se cruza sobre o ombro, e um detalhe vazado na frente, trazendo um toque sofisticado. Ambos, o top e a calcinha, hot pants, contam com aviamentos metalizados, conferindo um acabamento luxuoso à peça. Modelo veste PP.",,unavailable,https://cdn.vnda.com.br/intibrand/2025/05/21/15_15_08_712_15_5_0_031_biquc38dni20riva20azul20c38dndigo20lado.jpg?v=1747851341,public_catalog,2026-08-24T17:28:30.310313-03:00,jsonld:price,HIGH,200,
4168,Biquíni Marzan Off-White,https://www.intibrand.com/produto/biquini-marzan-off-white-4168,VERÃO 2027,Biquínis,Off White,105.0,284.5,63.09,P|M|G,"Top triangular clássico no estilo cortininha, sem bojo, com alças finas. O Marzan também possui nosso novo aviamento com estilo orgânico personalizado e banhado à ouro. Modelo veste PP.",,unavailable,https://cdn.vnda.com.br/intibrand/2024/08/15/15_52_10_41_15_8_1_188_biquc38dni20marzan2020offwhite20frente20carved.jpg?v=1723747942,public_catalog,2026-08-24T17:28:30.310313-03:00,jsonld:price,HIGH,200,
4169,Biquíni Marzan Preto,https://www.intibrand.com/produto/biquini-marzan-preto-4169,VERÃO 2027,Biquínis,Preto,105.0,284.5,63.09,P|M|G,"Top triangular clássico no estilo cortininha, sem bojo, com alças finas. O Marzan também possui nosso novo aviamento com estilo orgânico personalizado e banhado à ouro. Modelo veste PP.",,partial_or_variant_unavailable,https://cdn.vnda.com.br/intibrand/2024/08/15/15_37_51_404_15_8_2_290_biquc38dni20marzan20preto20frente20carved.jpg?v=1723747186,public_catalog,2026-08-24T17:28:30.310313-03:00,jsonld:price,HIGH,200,
4427,Biquíni Hali Preto,https://www.intibrand.com/produto/biquini-hali-preto-4427,VERÃO 2027,Biquínis,Preto,105.0,284.5,63.09,P|M|G,"Esse biquíni sofisticado possui top cortininha com aviamento central personalizado, desenvolvido exclusivamente pra essa coleção e calcinha de amarração. Feito em malha de alta qualidade levemente acetinada. Ideal para quem busca estilo e conforto na praia ou piscina o modelo realça o corpo de forma sutil e feminina. Composição: 84% Poliamida 16% Elastano Modelo veste PP.",84% Poliamida 16% Elastano,unavailable,https://cdn.vnda.com.br/intibrand/2025/01/31/13_34_09_969_13_1_7_731_biquc38dni20hali20preto20solta201.jpg?v=1738341256,public_catalog,2026-08-24T17:28:30.310313-03:00,jsonld:price,HIGH,200,
4426,Biquíni Hali Pérola,https://www.intibrand.com/produto/biquini-hali-perola-4426,VERÃO 2027,Biquínis,Pérola,105.0,284.5,63.09,P|M|G,"Esse biquíni sofisticado possui top cortininha com aviamento central personalizado, desenvolvido exclusivamente pra essa coleção e calcinha de amarração. Feito em malha de alta qualidade levemente acetinada. Ideal para quem busca estilo e conforto na praia ou piscina o modelo realça o corpo de forma sutil e feminina. Composição: 84% Poliamida 16% Elastano | Forro: 92,6% Poliéster 7,4% Elastano. Modelo veste PP.","84% Poliamida 16% Elastano | Forro: 92,6% Poliéster 7,4% Elastano.",unavailable,https://cdn.vnda.com.br/intibrand/2025/01/31/13_33_09_163_13_1_0_078_biquc38dni20hali20pc389rola20lado201.jpg?v=1738341189,public_catalog,2026-08-24T17:28:30.310313-03:00,jsonld:price,HIGH,200,
4424,Biquíni Dion Preto,https://www.intibrand.com/produto/biquini-dion-preto-4424,VERÃO 2027,Biquínis,Preto,105.0,284.5,63.09,P|M|G,"O Biquíni Dion é a escolha perfeita para quem aprecia um visual minimalista e elegante, combinando design com detalhes sofisticados. O aviamento central do top adiciona um toque moderno à peça clássica. Com alças finas, o modelo garante delicadeza e um ajuste perfeito ao corpo. Composição: 84% Poliamida 16% Elastano. Modelo veste PP.",84% Poliamida 16% Elastano.,unavailable,https://cdn.vnda.com.br/intibrand/2025/01/31/12_42_52_554_12_1_2_290_biquc38dni20dion20preto20frente202201.jpg?v=1738338180,public_catalog,2026-08-24T17:28:30.310313-03:00,jsonld:price,HIGH,200,
4428,Biquíni Hali Azul Índigo,https://www.intibrand.com/produto/biquini-hali-azul-indigo-4428,VERÃO 2027,Biquínis,Azul Índigo,105.0,284.5,63.09,P|M|G,"Esse biquíni sofisticado possui top cortininha com aviamento central personalizado, desenvolvido exclusivamente pra essa coleção e calcinha de amarração. Feito em malha de alta qualidade levemente acetinada. Ideal para quem busca estilo e conforto na praia ou piscina o modelo realça o corpo de forma sutil e feminina. Composição: 84% Poliamida 16% Elastano Modelo veste PP.",84% Poliamida 16% Elastano,unavailable,https://cdn.vnda.com.br/intibrand/2025/05/21/16_46_03_331_16_5_2_261_biquc38dni20hali20azul20c38dndigo20frente.jpg?v=1747856791,public_catalog,2026-08-24T17:28:30.310313-03:00,jsonld:price,HIGH,200,
4080,Biquíni Julian Pérola,https://www.intibrand.com/produto/biquini-julian-perola-4080,VERÃO 2027,Biquínis,Pérola,110.0,294.5,62.65,P|M|G,"O Julian é um modelo em microfibra que traz versatilidade combinada com elegância. O top drapeado possui bojo com recorte personalizado orgânico e tecido sobreposto, além disso possui alças removíveis e a hot pants é maleável, criando 4 possíveis usos pro modelo. Modelo veste PP.",,unavailable,https://cdn.vnda.com.br/intibrand/2024/04/15/17_19_52_956_17_4_8_834_biquc38dni20julian20pc389rola20frente202201.jpg?v=1713212463,public_catalog,2026-08-24T17:28:30.310313-03:00,jsonld:price,HIGH,200,
4081,Biquíni Julian Preto,https://www.intibrand.com/produto/biquini-julian-preto-4081,VERÃO 2027,Biquínis,Preto,110.0,294.5,62.65,P|M|G,"O Julian é um modelo em microfibra que traz versatilidade combinada com elegância. O top drapeado possui bojo com recorte personalizado orgânico e tecido sobreposto, além disso possui alças removíveis e a hot pants é maleável, criando 4 possíveis usos pro modelo. Modelo veste PP.",,unavailable,https://cdn.vnda.com.br/intibrand/2024/04/15/10_56_05_961_10_4_0_057_biquc38dni20julian20preto20frente202.jpg?v=1720804311,public_catalog,2026-08-24T17:28:30.310313-03:00,jsonld:price,HIGH,200,
4082,Biquíni Julian Bronze,https://www.intibrand.com/produto/biquini-julian-bronze-4082,VERÃO 2027,Biquínis,Bronze,110.0,294.5,62.65,P|M|G,"O Julian é um modelo em trilobal que traz versatilidade combinada com elegância. O top drapeado possui bojo com recorte personalizado orgânico e tecido sobreposto, além disso possui alças removíveis e a hot pants é maleável, criando 4 possíveis usos pro modelo. Modelo veste PP.",,unavailable,https://cdn.vnda.com.br/intibrand/2024/04/15/10_49_42_825_10_4_0_055_biquc38dni20julian20bronze20frente202.jpg?v=1713188987,public_catalog,2026-08-24T17:28:30.310313-03:00,jsonld:price,HIGH,200,
4058,Biquíni Bernie Off-White,https://www.intibrand.com/produto/biquini-bernie-off-white-4058,VERÃO 2027,Biquínis,Off White,110.0,294.5,62.65,P|M|G,"Biquíni elegante com bojo estruturado, alças duplas reguláveis e calcinha estilo vintage com detalhe texturizado em uma das laterais. Modelo veste PP.",,unavailable,https://cdn.vnda.com.br/intibrand/2024/04/08/14_52_17_6_14_4_0_051_biquc38dni20bernie20offwhite20lado.jpg?v=1712598737,public_catalog,2026-08-24T17:28:30.310313-03:00,jsonld:price,HIGH,200,
3815,Biquíni Hess Pérola,https://www.intibrand.com/produto/biquini-hess-perola-3815,VERÃO 2027,Biquínis,Pérola,112.5,299.5,62.44,PP|P|M|G|GG,"Biquíni com design orgânico, top com curvas sinuosas que encaixam paralelamente a hot pants. Modelo sem fecho posterior. Composição: 84% Poliamida 16% Elastano. Composição do forro: 92,6% Poliéster 7,4% Elastano. Modelo veste PP.","84% Poliamida 16% Elastano. Composição do forro: 92,6% Poliéster 7,4% Elastano.",unavailable,https://cdn.vnda.com.br/intibrand/2023/07/18/18_04_41_571_18_7_4_467_biquc38dni20hess20pc389rola20frente20220revisada.jpg?v=1689714286,public_catalog,2026-08-24T17:28:30.310313-03:00,jsonld:price,HIGH,200,
4872,Biquíni Landon Preto,https://www.intibrand.com/produto/biquini-landon-preto-4872,VERÃO 2027,Biquínis,Preto,320.0,849.0,62.31,PP|P|M|G,"O Biquíni Landon tem design minimalista e elegante. O top de um ombro só valoriza o colo, enquanto a calcinha traz como destaque o aviamento em gota na lateral, um detalhe sutil e muito especial. Composição: 84% Poliamida / 16% Elastano Modelo veste PP.",84% Poliamida / 16% Elastano,partial_or_variant_unavailable,https://cdn.vnda.com.br/intibrand/2026/04/01/17_47_57_945_gaby-20v-c3-8ddeos-20-20-story-20-202026-04-01t174741-851-17044590.jpg?v=1775076477,public_catalog,2026-08-24T17:28:30.310313-03:00,jsonld:price,HIGH,200,
4873,Biquíni Landon Marrom,https://www.intibrand.com/produto/biquini-landon-marrom-4873,VERÃO 2027,Biquínis,Marrom,320.0,849.0,62.31,PP|P|M|G,"O Biquíni Landon tem design minimalista e elegante. O top de um ombro só valoriza o colo, enquanto a calcinha traz como destaque o aviamento em gota na lateral, um detalhe sutil e muito especial. Composição: 87% Poliéster / 13% Elastano Modelo veste PP.",87% Poliéster / 13% Elastano,partial_or_variant_unavailable,https://cdn.vnda.com.br/intibrand/2026/04/01/17_43_56_450_gaby-20v-c3-8ddeos-20-20-story-20-202026-04-01t174316-906-17043150.jpg?v=1775076246,public_catalog,2026-08-24T17:28:30.310313-03:00,jsonld:price,HIGH,200,
4871,Biquíni Landon Pérola,https://www.intibrand.com/produto/biquini-landon-perola-4871,VERÃO 2027,Biquínis,Pérola,320.0,849.0,62.31,PP|P|M|G,"O Biquíni Landon tem design minimalista e elegante. O top de um ombro só valoriza o colo, enquanto a calcinha traz como destaque o aviamento em gota na lateral, um detalhe sutil e muito especial. Composição: 84% Poliamida / 16% Elastano Modelo veste PP.",84% Poliamida / 16% Elastano,unavailable,https://cdn.vnda.com.br/intibrand/2026/04/01/17_45_20_830_gaby-20v-c3-8ddeos-20-20-story-20-202026-04-01t174442-837-17045660.jpg?v=1775076320,public_catalog,2026-08-24T17:28:30.310313-03:00,jsonld:price,HIGH,200,
4736,Biquíni Harper Preto,https://www.intibrand.com/produto/biquini-harper-preto-4736,VERÃO 2027,Biquínis,Preto,116.0,299.5,61.27,PP|P|M|G,"O top do Biquíni Harper possui decote em V profundo, que valoriza o colo e se destaca pelo aviamento niquelado. As alças mais largas oferecem excelente sustentação, enquanto a calcinha com amarração lateral garante ajuste perfeito ao corpo, com personalidade. Modelo veste PP.",,partial_or_variant_unavailable,https://cdn.vnda.com.br/intibrand/2025/12/01/18_00_20_850_biqu-c3-8dni-20harper-20preto-20frente-18124080.jpg?v=1764622829,public_catalog,2026-08-24T17:28:30.310313-03:00,jsonld:price,HIGH,200,
4997,Biquíni Lorian Off-White,https://www.intibrand.com/produto/biquini-lorian-off-white-4997,VERÃO 2027,Biquínis,Off White,232.0,599.0,61.27,PP|P|M|G|GG,"O Biquíni Lorian combina linhas minimalistas e detalhes marcantes para um visual sofisticado no verão. O design do top possui drapeado delicado lateral e aplicação metálica central confere charme e elegância, enquanto a calcinha de amarração lateral garante um caimento confortável e valoriza a silhueta. A escolha perfeita para quem busca estilo e sofisticação. Confeccionado em malha fluity. Modelo veste PP.",,unavailable,https://cdn.vnda.com.br/intibrand/2026/08/19/13_58_25_377_biqu-c3-8dni-20lorian-20off-white-20frente-201-13085990.jpg?v=1787158709,public_catalog,2026-08-24T17:28:30.310313-03:00,jsonld:price,HIGH,200,
4624,Biquíni Peter Cobre,https://www.intibrand.com/produto/biquini-peter-cobre-4624,VERÃO 2027,Biquínis,Cobre,116.0,299.5,61.27,PP|P|M|G,"O grande destaque do Biquíni Peter é seu aviamento orgânico no top, que adiciona um efeito moderno e futurista, tornando o design super inovador. As alças reguláveis garantem o ajuste perfeito, enquanto a calcinha, de modelagem slim, valoriza a silhueta. Modelo veste PP.",,partial_or_variant_unavailable,https://cdn.vnda.com.br/intibrand/2025/09/24/09_52_40_416_biqu-c3-8dni-20peter-20cobre-20com-20al-c3-87a-09097540.jpg?v=1758718363,public_catalog,2026-08-24T17:28:30.310313-03:00,jsonld:price,HIGH,200,
4998,Biquíni Lorian Preto,https://www.intibrand.com/produto/biquini-lorian-preto-4998,VERÃO 2027,Biquínis,Preto,232.0,599.0,61.27,PP|P|M|G|GG,"O Biquíni Lorian combina linhas minimalistas e detalhes marcantes para um visual sofisticado no verão. O design do top possui drapeado delicado lateral e aplicação metálica central confere charme e elegância, enquanto a calcinha de amarração lateral garante um caimento confortável e valoriza a silhueta. A escolha perfeita para quem busca estilo e sofisticação. Confeccionado em malha fluity. Modelo veste PP.",,partial_or_variant_unavailable,https://cdn.vnda.com.br/intibrand/2026/08/19/17_39_09_126_biqu-c3-8dni-20lorian-20preto-20frente-201-17089320.jpg?v=1787171958,public_catalog,2026-08-24T17:28:30.310313-03:00,jsonld:price,HIGH,200,
4623,Biquíni Peter Preto,https://www.intibrand.com/produto/biquini-peter-preto-4623,VERÃO 2027,Biquínis,Preto,116.0,299.5,61.27,PP|P|M|G,"O grande destaque do Biquíni Peter é seu aviamento orgânico no top, que adiciona um efeito moderno e futurista, tornando o design super inovador. As alças reguláveis garantem o ajuste perfeito, enquanto a calcinha, de modelagem slim, valoriza a silhueta. Modelo veste PP.",,partial_or_variant_unavailable,https://cdn.vnda.com.br/intibrand/2025/09/24/09_53_21_623_biqu-c3-8dni-20peter-20preto-20com-20al-c3-87a-09098730.jpg?v=1758718405,public_catalog,2026-08-24T17:28:30.310313-03:00,jsonld:price,HIGH,200,
4735,Biquíni Harper Pérola,https://www.intibrand.com/produto/biquini-harper-perola-4735,VERÃO 2027,Biquínis,Pérola,116.0,299.5,61.27,PP|P|M|G,"O top do Biquíni Harper possui decote em V profundo, que valoriza o colo e se destaca pelo aviamento niquelado. As alças mais largas oferecem excelente sustentação, enquanto a calcinha com amarração lateral garante ajuste perfeito ao corpo, com personalidade. Modelo veste PP.",,unavailable,https://cdn.vnda.com.br/intibrand/2025/12/01/18_02_43_458_biqu-c3-8dni-20harper-20p-c3-89rola-20frente-18128080.jpg?v=1764623013,public_catalog,2026-08-24T17:28:30.310313-03:00,jsonld:price,HIGH,200,
3902,Biquíni Mies Azul Turquesa,https://www.intibrand.com/produto/biquini-mies-azul-turquesa-3902,VERÃO 2027,Biquínis,Azul Turquesa,105.0,269.5,61.04,PP|P|M|G|GG,Biquíni com top meia taça liso com tecido wavy sobreposto. As alças possuem regulador banhado e fecho posterior. Calcinha estilo asa delta em tecido wavy. Composição tecido liso: 87% Poliamida 13% Elastano Tecido wavy: 98% Poliamida 2% Elastano. Modelo veste PP.,,unavailable,https://cdn.vnda.com.br/intibrand/2023/12/02/17_53_41_648_17_12_5_540_biquc38dni20mies20azul20turquesa20frente.jpg?v=1701550473,public_catalog,2026-08-24T17:28:30.310313-03:00,jsonld:price,HIGH,200,
3904,Biquíni Mies Off-White,https://www.intibrand.com/produto/biquini-mies-off-white-3904,VERÃO 2027,Biquínis,Off White,105.0,269.5,61.04,PP|P|M|G|GG,"Biquíni com top meia taça liso com tecido wavy sobreposto. As alças possuem regulador banhado e fecho posterior. Calcinha estilo asa delta em tecido wavy. Composição tecido liso: 87% Poliamida 13% Elastano Tecido wavy: 98% Poliamida 2% Elastano, Forro: 92,6% Poliéster 7,4% Elastano. Modelo veste PP.",,unavailable,https://cdn.vnda.com.br/intibrand/2023/12/02/17_54_25_10_17_12_7_715_biquc38dni20mies20offwhite20frente20.jpg?v=1701550591,public_catalog,2026-08-24T17:28:30.310313-03:00,jsonld:price,HIGH,200,
3903,Biquíni Mies Preto,https://www.intibrand.com/produto/biquini-mies-preto-3903,VERÃO 2027,Biquínis,Preto,105.0,269.5,61.04,PP|P|M|G|GG,Biquíni com top meia taça liso com tecido wavy sobreposto. As alças possuem regulador banhado e fecho posterior. Calcinha estilo asa delta em tecido wavy. Composição tecido liso: 87% Poliamida 13% Elastano Tecido wavy: 98% Poliamida 2% Elastano. Modelo veste PP.,,unavailable,https://cdn.vnda.com.br/intibrand/2023/12/02/17_54_02_752_17_12_8_892_biquc38dni20mies20preto20frente202.jpg?v=1701550523,public_catalog,2026-08-24T17:28:30.310313-03:00,jsonld:price,HIGH,200,
4885,Biquíni Easton Marrom,https://www.intibrand.com/produto/biquini-easton-marrom-4885,VERÃO 2027,Biquínis,Marrom,232.0,589.0,60.61,PP|P|M|G,"O Biquíni Easton tem design minimalista e atemporal. O top pode ser usado com alças ou sem alças, com detalhe franzido que valoriza o busto. A calcinha tem modelagem clássica, complementando o conjunto. Composição: 87% Poliéster / 13% Elastano Modelo veste PP.",87% Poliéster / 13% Elastano,partial_or_variant_unavailable,https://cdn.vnda.com.br/intibrand/2026/04/01/17_36_18_633_gaby-20v-c3-8ddeos-20-20-story-20-202026-04-01t173539-313-17049470.jpg?v=1775075778,public_catalog,2026-08-24T17:28:30.310313-03:00,jsonld:price,HIGH,200,
4883,Biquíni Easton Preto,https://www.intibrand.com/produto/biquini-easton-preto-4883,VERÃO 2027,Biquínis,Preto,232.0,589.0,60.61,PP|P|M|G,"O Biquíni Easton tem design minimalista e atemporal. O top pode ser usado com alças ou sem alças, com detalhe franzido que valoriza o busto. A calcinha tem modelagem clássica, complementando o conjunto. Composição: 87% Poliamida / 13% Elastano Modelo veste PP.",87% Poliamida / 13% Elastano,partial_or_variant_unavailable,https://cdn.vnda.com.br/intibrand/2026/04/01/17_38_50_374_gaby-20v-c3-8ddeos-20-20-story-20-202026-04-01t173814-162-17041710.jpg?v=1775075930,public_catalog,2026-08-24T17:28:30.310313-03:00,jsonld:price,HIGH,200,
4884,Biquíni Easton Azul Marinho,https://www.intibrand.com/produto/biquini-easton-azul-marinho-4884,VERÃO 2027,Biquínis,Azul Marinho,232.0,589.0,60.61,PP|P|M|G,"O Biquíni Easton tem design minimalista e atemporal. O top pode ser usado com alças ou sem alças, com detalhe franzido que valoriza o busto. A calcinha tem modelagem clássica, complementando o conjunto. Composição: 87% Poliamida / 13% Elastano Modelo veste PP.",87% Poliamida / 13% Elastano,partial_or_variant_unavailable,https://cdn.vnda.com.br/intibrand/2026/04/01/17_37_41_59_gaby-20v-c3-8ddeos-20-20-story-20-202026-04-01t173706-066-17049990.jpg?v=1775075866,public_catalog,2026-08-24T17:28:30.310313-03:00,jsonld:price,HIGH,200,
4882,Biquíni Easton Off-White,https://www.intibrand.com/produto/biquini-easton-off-white-4882,VERÃO 2027,Biquínis,Off White,232.0,589.0,60.61,PP|P|M|G,"O Biquíni Easton tem design minimalista e atemporal. O top pode ser usado com alças ou sem alças, com detalhe franzido que valoriza o busto. A calcinha tem modelagem clássica, complementando o conjunto. Composição: 87% Poliamida / 13% Elastano Modelo veste PP.",87% Poliamida / 13% Elastano,unavailable,https://cdn.vnda.com.br/intibrand/2026/04/01/17_40_19_91_gaby-20v-c3-8ddeos-20-20-story-20-202026-04-01t174008-602-17042160.jpg?v=1775076019,public_catalog,2026-08-24T17:28:30.310313-03:00,jsonld:price,HIGH,200,
4412,Biquíni Bonneville Pérola,https://www.intibrand.com/produto/biquini-bonneville-perola-4412,VERÃO 2027,Biquínis,Pérola,260.0,659.0,60.55,P|M|G|GG,"O biquíni Bonneville é a peça perfeita para quem busca estilo e sofisticação com um toque moderno. Tem alças finas feitas em metal dourado banhado a ouro, que proporcionam um visual delicado e elegante, ideal para garantir o conforto sem perder a feminilidade. As correntes não esquentam nem enferrujam. Confeccionado em malha Super Liberty e microfibra. Composição: 84% Poliamida / 16% Elastano Modelo veste PP.",84% Poliamida / 16% Elastano,unavailable,https://cdn.vnda.com.br/intibrand/2025/01/29/15_21_32_509_15_1_6_681_biquc38dni20bonneville20pc389rola20frente20320aw25201.jpg?v=1738174902,public_catalog,2026-08-24T17:28:30.310313-03:00,jsonld:price,HIGH,200,
3487,Biquíni Bonneville Preto,https://www.intibrand.com/produto/biquini-bonneville-preto-3487,VERÃO 2027,Biquínis,Preto,260.0,659.0,60.55,P|M|G|GG,"O biquíni Bonneville é a peça perfeita para quem busca estilo e sofisticação com um toque moderno. Tem alças finas feitas em metal dourado banhado a ouro, que proporcionam um visual delicado e elegante, ideal para garantir o conforto sem perder a feminilidade. As correntes não esquentam nem enferrujam. Confeccionado em malha Super Liberty e microfibra. Composição: 84% Poliamida / 16% Elastano Modelo veste PP.",84% Poliamida / 16% Elastano,partial_or_variant_unavailable,https://cdn.vnda.com.br/intibrand/2025/04/30/17_12_05_383_17_4_6_600_biquc38dni20bonneville20preto20aw2520frente203.jpg?v=1746043952,public_catalog,2026-08-24T17:28:30.310313-03:00,jsonld:price,HIGH,200,
3481,Biquíni Azov Preto,https://www.intibrand.com/produto/biquini-azov-preto-3481,VERÃO 2027,Biquínis,Preto,95.0,239.5,60.33,PP|P|M|G|GG,,,unavailable,https://cdn.vnda.com.br/intibrand/2022/08/29/17_8_1_126_BIQUNIAZOVPRETOFRENTE.jpg?v=1661805982,public_catalog,2026-08-24T17:28:30.310313-03:00,jsonld:price,HIGH,200,
4228,Biquíni Alessio Castanho,https://www.intibrand.com/produto/biquini-alessio-castanho-4228,VERÃO 2027,Biquínis,Castanho,137.5,344.5,60.09,PP|P|M|G|GG,"Um biquíni unilateral com hot pants, pensado para os melhores dias de sol da próxima temporada. Feito em microfibra com ótima sustentação. Modelo veste PP.",,unavailable,https://cdn.vnda.com.br/intibrand/2024/10/18/17_56_46_341_17_10_8_816_biquc38dni20alessio20castanho20frente.jpg?v=1729285028,public_catalog,2026-08-24T17:28:30.310313-03:00,jsonld:price,HIGH,200,
4227,Biquíni Alessio Vermelho Carmim,https://www.intibrand.com/produto/biquini-alessio-vermelho-carmim-4227,VERÃO 2027,Biquínis,Vermelho Carmim,137.5,344.5,60.09,PP|P|M|G|GG,"Um biquíni unilateral com hot pants, pensado para os melhores dias de sol da próxima temporada. Feito em microfibra com ótima sustentação. Modelo veste PP.",,unavailable,https://cdn.vnda.com.br/intibrand/2024/10/18/17_59_18_813_17_10_8_820_biquc38dni20alessio20vermelho20carmin20frente.jpg?v=1729285181,public_catalog,2026-08-24T17:28:30.310313-03:00,jsonld:price,HIGH,200,
4226,Biquíni Alessio Preto,https://www.intibrand.com/produto/biquini-alessio-preto-4226,VERÃO 2027,Biquínis,Preto,137.5,344.5,60.09,PP|P|M|G|GG,"Um biquíni unilateral com hot pants, pensado para os melhores dias de sol da próxima temporada. Feito em microfibra com ótima sustentação. Modelo veste PP.",,partial_or_variant_unavailable,https://cdn.vnda.com.br/intibrand/2024/10/18/17_58_29_604_17_10_5_569_biquc38dni20alessio20vermelho20preto20frente.jpg?v=1729285109,public_catalog,2026-08-24T17:28:30.310313-03:00,jsonld:price,HIGH,200,
